felipe,"2023-10-19 10:30:56",
felipe,"2023-10-19 10:31:04",fsdfsdf
felipe,"2023-10-19 10:31:05",fsdads
felipe,"2023-10-19 10:31:08",fsdfa
felipe,"2023-10-19 10:31:10",fsdfsdaf
felipe,"2023-10-19 10:31:14",
felipe,"2023-10-19 10:31:50",
felipe,"2023-10-19 10:31:52",
felipe,"2023-10-19 10:31:54",fsdffsdf
felipe,"2023-10-19 10:31:56",sdafasdfd
felipe,"2023-10-19 10:32:12",sddsfdfadsfsd
felipe,"2023-10-19 10:32:15",
felipe,"2023-10-19 10:32:18",
felipe,"2023-10-19 10:32:20",
felipe,"2023-10-19 10:32:22",ewdfdsfsd
felipe,"2023-10-19 10:33:12",gfddf
felipe,"2023-10-19 10:33:56",gfddf
felipe,"2023-10-19 10:33:59",
felipe,"2023-10-19 10:36:58",
felipe,"2023-10-19 10:37:03",wwwww
felipe,"2023-10-19 10:37:11",hola
felipe,"2023-10-19 10:40:08",
felipe,"2023-10-19 10:40:09",
felipe,"2023-10-19 10:40:11",
,"2023-10-19 10:45:30",dadfs
felipe,"2023-10-19 10:46:53",dadfs
felipe,"2023-10-19 10:47:17",rewdsfds
felipe,"2023-10-19 10:47:45",rewdsfds
felipe,"2023-10-19 10:47:50",ssdf
felipe,"2023-10-19 10:48:02",ssdf
felipe,"2023-10-19 10:49:09",ssdf
felipe,"2023-10-19 10:49:14",sfdgf
felipe,"2023-10-19 10:49:17",sddfsdf
felipe,"2023-10-19 10:49:20",dsffsdfdsaffds
felipe,"2023-10-19 10:49:22",sdfsasdfs
felipe,"2023-10-19 10:52:31",shdshfksjdf
admin,"2023-10-19 10:53:05",jdhafjhh
admin,"2023-10-19 11:06:11",fdfffd
admin,"2023-10-19 11:06:13",dsafsadfsad
admin,"2023-10-19 11:06:15",sdafsdf
Dom,"2023-10-19 11:19:41",Bdbxbxdndnn
Dom,"2023-10-19 11:19:48",Djjddndn
admin,"2023-10-19 11:23:50",dfsf
luis,"2023-10-19 11:40:20","Hola soy Luis"
pepe,"2023-10-19 11:40:56","Soy pepe"
username,"2023-10-19 11:58:59",dsdsfdsfsd
username,"2023-10-19 11:59:01",dsdsfdsaf
username,"2023-10-19 11:59:02",fsdfsdfsd
username,"2023-10-19 11:59:03",dsfdfsd
username,"2023-10-19 11:59:09",sadfsdf
username,"2023-10-19 11:59:10",asdfsdfas
username,"2023-10-19 11:59:12",sdfsdf
Dom,"2023-10-20 08:48:54",fsdfsd
felipe,"2023-10-23 23:47:10",ewfdasfds
felipe,"2023-10-23 23:47:11",sdafsdaf
felipe,"2023-10-23 23:47:13",sdfdsf
felipe,"2023-10-23 23:47:15",fsdfsdfsd
manolo,"2023-10-24 13:40:38","Soy Manolo"
